arquivo,metodo,kmer,limiar,rotulo,clusters,rotuladas,classes,ari,nmi,pureza,tempo_s,memoria_mb
hbv.fasta,meshclust,3,0.5,genotipo,1,12,7,0.0000,0.0000,0.1667,0.003,0.16
hbv.fasta,meshclust,3,0.5,regiao,1,16,4,0.0000,0.0000,0.6875,0.003,0.16
hbv.fasta,meshclust,3,0.6,genotipo,1,12,7,0.0000,0.0000,0.1667,0.003,0.16
hbv.fasta,meshclust,3,0.6,regiao,1,16,4,0.0000,0.0000,0.6875,0.003,0.16
hbv.fasta,meshclust,3,0.7,genotipo,1,12,7,0.0000,0.0000,0.1667,0.002,0.16
hbv.fasta,meshclust,3,0.7,regiao,1,16,4,0.0000,0.0000,0.6875,0.002,0.16
hbv.fasta,meshclust,3,0.8,genotipo,1,12,7,0.0000,0.0000,0.1667,0.002,0.16
hbv.fasta,meshclust,3,0.8,regiao,1,16,4,0.0000,0.0000,0.6875,0.002,0.16
hbv.fasta,meshclust,3,0.9,genotipo,4,12,7,0.0658,0.4610,0.3333,0.003,0.16
hbv.fasta,meshclust,3,0.9,regiao,4,16,4,0.8012,0.8298,0.9375,0.003,0.16
hbv.fasta,meshclust,3,0.95,genotipo,6,12,7,0.0611,0.5772,0.5000,0.004,0.16
hbv.fasta,meshclust,3,0.95,regiao,6,16,4,0.9665,0.9165,1.0000,0.004,0.16
hbv.fasta,meshclust,4,0.5,genotipo,1,12,7,0.0000,0.0000,0.1667,0.003,0.17
hbv.fasta,meshclust,4,0.5,regiao,1,16,4,0.0000,0.0000,0.6875,0.003,0.17
hbv.fasta,meshclust,4,0.6,genotipo,1,12,7,0.0000,0.0000,0.1667,0.003,0.17
hbv.fasta,meshclust,4,0.6,regiao,1,16,4,0.0000,0.0000,0.6875,0.003,0.17
hbv.fasta,meshclust,4,0.7,genotipo,1,12,7,0.0000,0.0000,0.1667,0.003,0.17
hbv.fasta,meshclust,4,0.7,regiao,1,16,4,0.0000,0.0000,0.6875,0.003,0.17
hbv.fasta,meshclust,4,0.8,genotipo,4,12,7,0.0658,0.4610,0.3333,0.043,0.17
hbv.fasta,meshclust,4,0.8,regiao,4,16,4,0.8012,0.8298,0.9375,0.043,0.17
hbv.fasta,meshclust,4,0.9,genotipo,6,12,7,0.0611,0.5772,0.5000,0.002,0.17
hbv.fasta,meshclust,4,0.9,regiao,6,16,4,0.9665,0.9165,1.0000,0.002,0.17
hbv.fasta,meshclust,4,0.95,genotipo,14,12,7,0.3161,0.8919,1.0000,0.003,0.17
hbv.fasta,meshclust,4,0.95,regiao,14,16,4,0.0368,0.5356,1.0000,0.003,0.17
hbv.fasta,meshclust,5,0.5,genotipo,2,12,7,0.0000,0.0000,0.1667,0.002,0.23
hbv.fasta,meshclust,5,0.5,regiao,2,16,4,0.1968,0.2484,0.7500,0.002,0.23
hbv.fasta,meshclust,5,0.6,genotipo,4,12,7,0.0658,0.4610,0.3333,0.002,0.22
hbv.fasta,meshclust,5,0.6,regiao,4,16,4,0.8012,0.8298,0.9375,0.002,0.22
hbv.fasta,meshclust,5,0.7,genotipo,4,12,7,0.0658,0.4610,0.3333,0.002,0.22
hbv.fasta,meshclust,5,0.7,regiao,4,16,4,0.8012,0.8298,0.9375,0.002,0.22
hbv.fasta,meshclust,5,0.8,genotipo,6,12,7,0.0611,0.5772,0.5000,0.002,0.22
hbv.fasta,meshclust,5,0.8,regiao,6,16,4,0.9665,0.9165,1.0000,0.002,0.22
hbv.fasta,meshclust,5,0.9,genotipo,14,12,7,0.3161,0.8919,1.0000,0.003,0.22
hbv.fasta,meshclust,5,0.9,regiao,14,16,4,0.0368,0.5356,1.0000,0.003,0.22
hbv.fasta,meshclust,5,0.95,genotipo,15,12,7,0.3161,0.8919,1.0000,0.003,0.22
hbv.fasta,meshclust,5,0.95,regiao,15,16,4,0.0184,0.5229,1.0000,0.003,0.22
hbv.fasta,meshclust,6,0.5,genotipo,4,12,7,0.0658,0.4610,0.3333,0.003,0.79
hbv.fasta,meshclust,6,0.5,regiao,4,16,4,0.8012,0.8298,0.9375,0.003,0.79
hbv.fasta,meshclust,6,0.6,genotipo,4,12,7,0.0658,0.4610,0.3333,0.003,0.79
hbv.fasta,meshclust,6,0.6,regiao,4,16,4,0.8012,0.8298,0.9375,0.003,0.79
hbv.fasta,meshclust,6,0.7,genotipo,11,12,7,0.1081,0.7942,0.8333,0.003,0.79
hbv.fasta,meshclust,6,0.7,regiao,11,16,4,0.2007,0.6068,1.0000,0.003,0.79
hbv.fasta,meshclust,6,0.8,genotipo,13,12,7,0.5520,0.9167,1.0000,0.004,0.79
hbv.fasta,meshclust,6,0.8,regiao,13,16,4,0.0734,0.5543,1.0000,0.004,0.79
hbv.fasta,meshclust,6,0.9,genotipo,15,12,7,0.3161,0.8919,1.0000,0.004,0.79
hbv.fasta,meshclust,6,0.9,regiao,15,16,4,0.0184,0.5229,1.0000,0.004,0.79
hbv.fasta,meshclust,6,0.95,genotipo,15,12,7,0.3161,0.8919,1.0000,0.004,0.79
hbv.fasta,meshclust,6,0.95,regiao,15,16,4,0.0184,0.5229,1.0000,0.004,0.79
sequencias.fasta,meshclust,3,0.5,especie,14,237,13,-0.0034,0.0044,0.3840,0.021,0.48
sequencias.fasta,meshclust,3,0.5,genero,14,237,8,-0.0032,0.0049,0.3840,0.021,0.48
sequencias.fasta,meshclust,3,0.6,especie,43,237,13,-0.0197,0.0386,0.3882,0.025,0.48
sequencias.fasta,meshclust,3,0.6,genero,43,237,8,-0.0179,0.0429,0.3882,0.025,0.48
sequencias.fasta,meshclust,3,0.7,especie,180,237,13,0.0035,0.1667,0.4346,0.040,0.48
sequencias.fasta,meshclust,3,0.7,genero,180,237,8,0.0052,0.1651,0.4346,0.040,0.48
sequencias.fasta,meshclust,3,0.8,especie,247,237,13,0.1976,0.4073,0.6624,0.048,0.48
sequencias.fasta,meshclust,3,0.8,genero,247,237,8,0.1974,0.3843,0.6667,0.048,0.48
sequencias.fasta,meshclust,3,0.9,especie,378,237,13,0.0566,0.5464,0.9831,0.067,0.49
sequencias.fasta,meshclust,3,0.9,genero,378,237,8,0.0532,0.4999,0.9831,0.067,0.49
sequencias.fasta,meshclust,3,0.95,especie,389,237,13,0.0459,0.5409,0.9916,0.085,0.50
sequencias.fasta,meshclust,3,0.95,genero,389,237,8,0.0431,0.4950,0.9916,0.085,0.50
sequencias.fasta,meshclust,4,0.5,especie,220,237,13,-0.0228,0.0422,0.3882,0.054,1.57
sequencias.fasta,meshclust,4,0.5,genero,220,237,8,-0.0208,0.0470,0.3882,0.054,1.57
sequencias.fasta,meshclust,4,0.6,especie,234,237,13,0.0656,0.2789,0.4979,0.058,1.57
sequencias.fasta,meshclust,4,0.6,genero,234,237,8,0.0627,0.2612,0.4979,0.058,1.57
sequencias.fasta,meshclust,4,0.7,especie,290,237,13,0.1333,0.5316,0.8397,0.073,1.57
sequencias.fasta,meshclust,4,0.7,genero,290,237,8,0.1289,0.4965,0.8692,0.073,1.57
sequencias.fasta,meshclust,4,0.8,especie,373,237,13,0.0598,0.5488,0.9831,0.097,1.57
sequencias.fasta,meshclust,4,0.8,genero,373,237,8,0.0561,0.5019,0.9831,0.097,1.57
sequencias.fasta,meshclust,4,0.9,especie,389,237,13,0.0459,0.5409,0.9916,0.102,1.57
sequencias.fasta,meshclust,4,0.9,genero,389,237,8,0.0431,0.4950,0.9916,0.102,1.57
sequencias.fasta,meshclust,4,0.95,especie,396,237,13,0.0410,0.5360,0.9916,0.103,1.57
sequencias.fasta,meshclust,4,0.95,genero,396,237,8,0.0385,0.4904,0.9916,0.103,1.57
sequencias.fasta,meshclust,5,0.5,especie,319,237,13,0.0944,0.5528,0.9114,0.155,5.97
sequencias.fasta,meshclust,5,0.5,genero,319,237,8,0.0904,0.5115,0.9241,0.155,5.97
sequencias.fasta,meshclust,5,0.6,especie,371,237,13,0.0602,0.5481,0.9789,0.192,5.97
sequencias.fasta,meshclust,5,0.6,genero,371,237,8,0.0568,0.5030,0.9831,0.192,5.97
sequencias.fasta,meshclust,5,0.7,especie,377,237,13,0.0520,0.5486,0.9916,0.244,5.97
sequencias.fasta,meshclust,5,0.7,genero,377,237,8,0.0489,0.5023,0.9916,0.244,5.97
sequencias.fasta,meshclust,5,0.8,especie,385,237,13,0.0478,0.5434,0.9916,0.203,5.97
sequencias.fasta,meshclust,5,0.8,genero,385,237,8,0.0449,0.4974,0.9916,0.203,5.97
sequencias.fasta,meshclust,5,0.9,especie,394,237,13,0.0440,0.5380,0.9916,0.208,5.97
sequencias.fasta,meshclust,5,0.9,genero,394,237,8,0.0414,0.4922,0.9916,0.208,5.97
sequencias.fasta,meshclust,5,0.95,especie,398,237,13,0.0394,0.5373,1.0000,0.209,5.97
sequencias.fasta,meshclust,5,0.95,genero,398,237,8,0.0370,0.4919,1.0000,0.209,5.97
sequencias.fasta,meshclust,6,0.5,especie,372,237,13,0.0581,0.5471,0.9789,0.738,23.55
sequencias.fasta,meshclust,6,0.5,genero,372,237,8,0.0548,0.5020,0.9831,0.738,23.55
sequencias.fasta,meshclust,6,0.6,especie,377,237,13,0.0509,0.5480,0.9916,0.724,23.55
sequencias.fasta,meshclust,6,0.6,genero,377,237,8,0.0478,0.5017,0.9916,0.724,23.55
sequencias.fasta,meshclust,6,0.7,especie,383,237,13,0.0480,0.5442,0.9916,0.594,23.55
sequencias.fasta,meshclust,6,0.7,genero,383,237,8,0.0451,0.4981,0.9916,0.594,23.55
sequencias.fasta,meshclust,6,0.8,especie,389,237,13,0.0459,0.5409,0.9916,0.590,23.55
sequencias.fasta,meshclust,6,0.8,genero,389,237,8,0.0431,0.4950,0.9916,0.590,23.55
sequencias.fasta,meshclust,6,0.9,especie,394,237,13,0.0440,0.5380,0.9916,0.601,23.55
sequencias.fasta,meshclust,6,0.9,genero,394,237,8,0.0414,0.4922,0.9916,0.601,23.55
sequencias.fasta,meshclust,6,0.95,especie,398,237,13,0.0394,0.5373,1.0000,0.604,23.55
sequencias.fasta,meshclust,6,0.95,genero,398,237,8,0.0370,0.4919,1.0000,0.604,23.55
sequencias.fasta,original,,0.95,especie,353,237,13,0.0335,0.5268,0.9873,,
sequencias.fasta,original,,0.95,genero,353,237,8,0.0314,0.4815,0.9873,,
sequencias.fasta,original,,0.8,especie,47,237,13,0.0066,0.2788,0.5359,,
sequencias.fasta,original,,0.8,genero,47,237,8,0.0239,0.2619,0.5359,,
sequencias.fasta (só sequências com rótulo),meshclust,3,0.5,especie,2,237,13,-0.0034,0.0044,0.3840,0.021,0.26
sequencias.fasta (só sequências com rótulo),meshclust,3,0.5,genero,2,237,8,-0.0032,0.0049,0.3840,0.021,0.26
sequencias.fasta (só sequências com rótulo),meshclust,3,0.6,especie,4,237,13,-0.0197,0.0386,0.3882,0.021,0.26
sequencias.fasta (só sequências com rótulo),meshclust,3,0.6,genero,4,237,8,-0.0179,0.0429,0.3882,0.021,0.26
sequencias.fasta (só sequências com rótulo),meshclust,3,0.7,especie,7,237,13,0.0043,0.1677,0.4346,0.022,0.26
sequencias.fasta (só sequências com rótulo),meshclust,3,0.7,genero,7,237,8,0.0060,0.1662,0.4346,0.022,0.26
sequencias.fasta (só sequências com rótulo),meshclust,3,0.8,especie,25,237,13,0.1931,0.4109,0.6835,0.024,0.26
sequencias.fasta (só sequências com rótulo),meshclust,3,0.8,genero,25,237,8,0.1944,0.3890,0.6878,0.024,0.26
sequencias.fasta (só sequências com rótulo),meshclust,3,0.9,especie,154,237,13,0.0566,0.5464,0.9831,0.037,0.26
sequencias.fasta (só sequências com rótulo),meshclust,3,0.9,genero,154,237,8,0.0532,0.4999,0.9831,0.037,0.26
sequencias.fasta (só sequências com rótulo),meshclust,3,0.95,especie,165,237,13,0.0459,0.5409,0.9916,0.044,0.26
sequencias.fasta (só sequências com rótulo),meshclust,3,0.95,genero,165,237,8,0.0431,0.4950,0.9916,0.044,0.26
sequencias.fasta (só sequências com rótulo),meshclust,4,0.5,especie,5,237,13,-0.0228,0.0422,0.3882,0.025,0.78
sequencias.fasta (só sequências com rótulo),meshclust,4,0.5,genero,5,237,8,-0.0208,0.0470,0.3882,0.025,0.78
sequencias.fasta (só sequências com rótulo),meshclust,4,0.6,especie,10,237,13,0.0656,0.2789,0.4979,0.026,0.78
sequencias.fasta (só sequências com rótulo),meshclust,4,0.6,genero,10,237,8,0.0627,0.2612,0.4979,0.026,0.78
sequencias.fasta (só sequências com rótulo),meshclust,4,0.7,especie,65,237,13,0.1339,0.5326,0.8397,0.033,0.78
sequencias.fasta (só sequências com rótulo),meshclust,4,0.7,genero,65,237,8,0.1295,0.4974,0.8692,0.033,0.78
sequencias.fasta (só sequências com rótulo),meshclust,4,0.8,especie,149,237,13,0.0598,0.5488,0.9831,0.043,0.78
sequencias.fasta (só sequências com rótulo),meshclust,4,0.8,genero,149,237,8,0.0561,0.5019,0.9831,0.043,0.78
sequencias.fasta (só sequências com rótulo),meshclust,4,0.9,especie,165,237,13,0.0459,0.5409,0.9916,0.045,0.78
sequencias.fasta (só sequências com rótulo),meshclust,4,0.9,genero,165,237,8,0.0431,0.4950,0.9916,0.045,0.78
sequencias.fasta (só sequências com rótulo),meshclust,4,0.95,especie,172,237,13,0.0410,0.5360,0.9916,0.046,0.78
sequencias.fasta (só sequências com rótulo),meshclust,4,0.95,genero,172,237,8,0.0385,0.4904,0.9916,0.046,0.78
sequencias.fasta (só sequências com rótulo),meshclust,5,0.5,especie,95,237,13,0.0944,0.5528,0.9114,0.051,2.93
sequencias.fasta (só sequências com rótulo),meshclust,5,0.5,genero,95,237,8,0.0904,0.5115,0.9241,0.051,2.93
sequencias.fasta (só sequências com rótulo),meshclust,5,0.6,especie,147,237,13,0.0602,0.5481,0.9789,0.073,2.93
sequencias.fasta (só sequências com rótulo),meshclust,5,0.6,genero,147,237,8,0.0568,0.5030,0.9831,0.073,2.93
sequencias.fasta (só sequências com rótulo),meshclust,5,0.7,especie,153,237,13,0.0520,0.5486,0.9916,0.075,2.93
sequencias.fasta (só sequências com rótulo),meshclust,5,0.7,genero,153,237,8,0.0489,0.5023,0.9916,0.075,2.93
sequencias.fasta (só sequências com rótulo),meshclust,5,0.8,especie,161,237,13,0.0478,0.5434,0.9916,0.067,2.93
sequencias.fasta (só sequências com rótulo),meshclust,5,0.8,genero,161,237,8,0.0449,0.4974,0.9916,0.067,2.93
sequencias.fasta (só sequências com rótulo),meshclust,5,0.9,especie,170,237,13,0.0440,0.5380,0.9916,0.068,2.93
sequencias.fasta (só sequências com rótulo),meshclust,5,0.9,genero,170,237,8,0.0414,0.4922,0.9916,0.068,2.93
sequencias.fasta (só sequências com rótulo),meshclust,5,0.95,especie,174,237,13,0.0394,0.5373,1.0000,0.070,2.93
sequencias.fasta (só sequências com rótulo),meshclust,5,0.95,genero,174,237,8,0.0370,0.4919,1.0000,0.070,2.93
sequencias.fasta (só sequências com rótulo),meshclust,6,0.5,especie,149,237,13,0.0574,0.5463,0.9789,0.147,11.57
sequencias.fasta (só sequências com rótulo),meshclust,6,0.5,genero,149,237,8,0.0541,0.5012,0.9831,0.147,11.57
sequencias.fasta (só sequências com rótulo),meshclust,6,0.6,especie,153,237,13,0.0509,0.5480,0.9916,0.177,11.57
sequencias.fasta (só sequências com rótulo),meshclust,6,0.6,genero,153,237,8,0.0478,0.5017,0.9916,0.177,11.57
sequencias.fasta (só sequências com rótulo),meshclust,6,0.7,especie,159,237,13,0.0480,0.5442,0.9916,0.154,11.57
sequencias.fasta (só sequências com rótulo),meshclust,6,0.7,genero,159,237,8,0.0451,0.4981,0.9916,0.154,11.57
sequencias.fasta (só sequências com rótulo),meshclust,6,0.8,especie,165,237,13,0.0459,0.5409,0.9916,0.157,11.57
sequencias.fasta (só sequências com rótulo),meshclust,6,0.8,genero,165,237,8,0.0431,0.4950,0.9916,0.157,11.57
sequencias.fasta (só sequências com rótulo),meshclust,6,0.9,especie,170,237,13,0.0440,0.5380,0.9916,0.162,11.57
sequencias.fasta (só sequências com rótulo),meshclust,6,0.9,genero,170,237,8,0.0414,0.4922,0.9916,0.162,11.57
sequencias.fasta (só sequências com rótulo),meshclust,6,0.95,especie,174,237,13,0.0394,0.5373,1.0000,0.165,11.57
sequencias.fasta (só sequências com rótulo),meshclust,6,0.95,genero,174,237,8,0.0370,0.4919,1.0000,0.165,11.57
